Date,riders,weekend,holiday,rain,daylight_hrs,Temp (C)
2012-10-03,3521.0,0.0,0.0,False,11.2773592365,13.35
2012-10-04,3475.0,0.0,0.0,False,11.219141593699998,13.6
2012-10-05,3148.0,0.0,0.0,False,11.1610375101,15.3
2012-10-06,2006.0,1.0,0.0,False,11.1030564786,15.85
2012-10-07,2142.0,1.0,0.0,False,11.0452081983,15.85
2012-10-08,3537.0,0.0,1.0,False,10.987502588699998,14.45
2012-10-09,3501.0,0.0,0.0,False,10.9299498022,12.5
2012-10-10,3235.0,0.0,0.0,False,10.8725602376,10.25
2012-10-11,3047.0,0.0,0.0,False,10.8153445529,10.55
2012-10-12,2011.0,0.0,0.0,True,10.7583136772,11.4
2012-10-13,766.0,1.0,0.0,True,10.7014788236,13.9
2012-10-14,698.0,1.0,0.0,True,10.6448515002,15.55
2012-10-15,2273.0,0.0,0.0,True,10.588443522,14.15
2012-10-16,3036.0,0.0,0.0,False,10.5322670216,12.2
2012-10-17,3243.0,0.0,0.0,False,10.4763344599,10.25
2012-10-18,2923.0,0.0,0.0,True,10.4206586358,12.25
2012-10-19,1977.0,0.0,0.0,True,10.3652526959,12.2
2012-10-20,1068.0,1.0,0.0,True,10.3101301432,8.6
2012-10-21,989.0,1.0,0.0,True,10.2553048452,8.05
2012-10-22,2129.0,0.0,0.0,True,10.200791041799999,5.55
2012-10-23,2500.0,0.0,0.0,False,10.1466033518,8.35
2012-10-24,2429.0,0.0,0.0,True,10.092756779,8.9
2012-10-25,2713.0,0.0,0.0,False,10.0392667172,9.2
2012-10-26,2073.0,0.0,0.0,True,9.98614895472,9.15
2012-10-27,531.0,1.0,0.0,True,9.93341967766,11.9
2012-10-28,1062.0,1.0,0.0,True,9.881095472,12.2
2012-10-29,2217.0,0.0,0.0,True,9.82919332496,12.8
2012-10-30,1735.0,0.0,0.0,True,9.77773062497,13.6
2012-10-31,1710.0,0.0,0.0,True,9.72672516057,13.35
2012-11-01,2091.0,0.0,0.0,True,9.676195117939999,12.8
2012-11-02,2478.0,0.0,0.0,True,9.62615907712,12.8
2012-11-03,952.0,1.0,0.0,True,9.57663600685,13.35
2012-11-04,1011.0,1.0,0.0,True,9.527645257889999,15.3
2012-11-05,2810.0,0.0,0.0,True,9.47920655481,11.4
2012-11-06,2493.0,0.0,0.0,True,9.43133998622,9.75
2012-11-07,2719.0,0.0,0.0,False,9.38406599329,8.05
2012-11-08,2691.0,0.0,0.0,False,9.337405356569999,5.55
2012-11-09,2406.0,0.0,0.0,False,9.29137918105,5.0
2012-11-10,1269.0,1.0,0.0,False,9.24600887934,3.6
2012-11-11,628.0,1.0,0.0,True,9.201316153039999,5.0
2012-11-12,1631.0,0.0,1.0,True,9.15732297217,9.45
2012-11-13,2087.0,0.0,0.0,True,9.11405155266,9.45
2012-11-14,2600.0,0.0,0.0,True,9.07152433182,8.05
2012-11-15,2520.0,0.0,0.0,False,9.029763941919999,6.1
2012-11-16,2006.0,0.0,0.0,True,8.98879318162,5.8
2012-11-17,640.0,1.0,0.0,True,8.94863498557,9.15
2012-11-18,392.0,1.0,0.0,True,8.90931239187,8.05
2012-11-19,967.0,0.0,0.0,True,8.87084850763,10.8
2012-11-20,1741.0,0.0,0.0,True,8.83326647262,9.15
2012-11-21,1370.0,0.0,0.0,True,8.79658942099,6.1
2012-11-22,554.0,0.0,1.0,False,8.760840441160001,5.85
2012-11-23,355.0,0.0,0.0,True,8.72604253403,7.75
2012-11-24,845.0,1.0,0.0,False,8.69221856952,6.4
2012-11-25,1018.0,1.0,0.0,False,8.659391241489999,4.7
2012-11-26,2358.0,0.0,0.0,False,8.627583021389999,5.55
2012-11-27,2547.0,0.0,0.0,False,8.596816110479999,5.85
2012-11-28,2034.0,0.0,0.0,True,8.56711239109,5.8
2012-11-29,1844.0,0.0,0.0,True,8.53849337681,10.3
2012-11-30,1590.0,0.0,0.0,True,8.510980161989998,11.4
2012-12-01,634.0,1.0,0.0,True,8.48459337068,10.8
2012-12-02,527.0,1.0,0.0,True,8.45935310522,7.75
2012-12-03,1868.0,0.0,0.0,True,8.43527889481,8.3
2012-12-04,2011.0,0.0,0.0,True,8.41238964408,9.45
2012-12-05,2300.0,0.0,0.0,True,8.390703582210001,6.65
2012-12-06,1879.0,0.0,0.0,True,8.3702382126,6.65
2012-12-07,1816.0,0.0,0.0,True,8.35101026354,5.55
2012-12-08,874.0,1.0,0.0,False,8.33303564002,5.0
2012-12-09,422.0,1.0,0.0,True,8.3163293771,4.75
2012-12-10,2162.0,0.0,0.0,True,8.30090559491,6.4
2012-12-11,1945.0,0.0,0.0,True,8.28677745583,6.7
2012-12-12,1848.0,0.0,0.0,True,8.2739571238,5.55
2012-12-13,2013.0,0.0,0.0,True,8.26245572631,5.25
2012-12-14,1709.0,0.0,0.0,True,8.25228331908,3.6
2012-12-15,463.0,1.0,0.0,True,8.24344885389,2.5
2012-12-16,351.0,1.0,0.0,True,8.23596014948,5.0
2012-12-17,1492.0,0.0,0.0,True,8.22982386609,5.0
2012-12-18,1702.0,0.0,0.0,True,8.22504548348,2.25
2012-12-19,1020.0,0.0,0.0,True,8.22162928276,5.0
2012-12-20,1077.0,0.0,0.0,True,8.21957833215,3.9
2012-12-21,1232.0,0.0,0.0,True,8.21889447672,3.3
2012-12-22,493.0,1.0,0.0,True,8.21957833215,6.1
2012-12-23,441.0,1.0,0.0,True,8.22162928276,5.25
2012-12-24,574.0,0.0,0.0,True,8.22504548348,4.2
2012-12-25,98.0,0.0,1.0,True,8.22982386609,4.2
2012-12-26,845.0,0.0,0.0,True,8.23596014948,5.0
2012-12-27,1148.0,0.0,0.0,True,8.24344885389,5.55
2012-12-28,1257.0,0.0,0.0,False,8.25228331908,6.1
2012-12-29,487.0,1.0,0.0,True,8.26245572631,4.15
2012-12-30,695.0,1.0,0.0,False,8.2739571238,2.2
2012-12-31,986.0,0.0,0.0,False,8.28677745583,1.1
2013-01-01,678.0,0.0,1.0,False,8.30090559491,1.1
2013-01-02,1835.0,0.0,0.0,False,8.3163293771,2.5
2013-01-03,1803.0,0.0,0.0,True,8.33303564002,2.5
2013-01-04,1712.0,0.0,0.0,True,8.35101026354,6.1
2013-01-05,719.0,1.0,0.0,True,8.3702382126,5.55
2013-01-06,706.0,1.0,0.0,True,8.390703582210001,5.0
2013-01-07,1893.0,0.0,0.0,True,8.41238964408,7.2
2013-01-08,1578.0,0.0,0.0,True,8.43527889481,8.65
2013-01-09,1347.0,0.0,0.0,True,8.45935310522,5.85
2013-01-10,1810.0,0.0,0.0,True,8.48459337068,1.35
2013-01-11,1570.0,0.0,0.0,False,8.510980161989998,0.0
2013-01-12,677.0,1.0,0.0,False,8.53849337681,-0.55
2013-01-13,559.0,1.0,0.0,False,8.56711239109,-1.1
2013-01-14,1869.0,0.0,0.0,False,8.596816110479999,0.55
2013-01-15,2066.0,0.0,0.0,False,8.627583021389999,3.05
2013-01-16,1950.0,0.0,0.0,False,8.659391241489999,1.1
2013-01-17,1777.0,0.0,0.0,False,8.69221856952,0.55
2013-01-18,1585.0,0.0,0.0,False,8.72604253403,1.1
2013-01-19,760.0,1.0,0.0,False,8.760840441160001,0.25
2013-01-20,801.0,1.0,0.0,False,8.79658942099,1.35
2013-01-21,1276.0,0.0,1.0,False,8.83326647262,0.25
2013-01-22,1965.0,0.0,0.0,False,8.87084850763,0.8
2013-01-23,1767.0,0.0,0.0,True,8.90931239187,4.7
2013-01-24,1955.0,0.0,0.0,True,8.94863498557,4.15
2013-01-25,1861.0,0.0,0.0,True,8.98879318162,6.7
2013-01-26,544.0,1.0,0.0,True,9.029763941919999,6.1
2013-01-27,643.0,1.0,0.0,True,9.07152433182,4.75
2013-01-28,1708.0,0.0,0.0,True,9.11405155266,4.7
2013-01-29,1789.0,0.0,0.0,True,9.15732297217,6.65
2013-01-30,1760.0,0.0,0.0,True,9.201316153039999,7.8
2013-01-31,1921.0,0.0,0.0,True,9.24600887934,8.3
2013-02-01,2108.0,0.0,0.0,True,9.29137918105,8.35
2013-02-02,1133.0,1.0,0.0,False,9.337405356569999,4.45
2013-02-03,868.0,1.0,0.0,True,9.38406599329,5.85
2013-02-04,2288.0,0.0,0.0,False,9.43133998622,8.65
2013-02-05,2012.0,0.0,0.0,True,9.47920655481,8.35
2013-02-06,1995.0,0.0,0.0,True,9.527645257889999,8.35
2013-02-07,2187.0,0.0,0.0,True,9.57663600685,6.35
2013-02-08,2161.0,0.0,0.0,False,9.62615907712,5.0
2013-02-09,1114.0,1.0,0.0,True,9.676195117939999,6.35
2013-02-10,1312.0,1.0,0.0,False,9.72672516057,5.3
2013-02-11,2145.0,0.0,0.0,True,9.77773062497,6.35
2013-02-12,2105.0,0.0,0.0,True,9.82919332496,9.15
2013-02-13,2066.0,0.0,0.0,True,9.881095472,8.3
2013-02-14,1884.0,0.0,0.0,True,9.93341967766,7.5
2013-02-15,2304.0,0.0,0.0,False,9.98614895472,9.15
2013-02-16,1017.0,1.0,0.0,False,10.0392667172,7.5
2013-02-17,869.0,1.0,0.0,False,10.092756779,6.9
2013-02-18,1481.0,0.0,1.0,False,10.1466033518,5.85
2013-02-19,2586.0,0.0,0.0,False,10.200791041799999,6.15
2013-02-20,2217.0,0.0,0.0,True,10.2553048452,4.45
2013-02-21,1891.0,0.0,0.0,True,10.3101301432,5.3
2013-02-22,1360.0,0.0,0.0,True,10.3652526959,5.85
2013-02-23,1126.0,1.0,0.0,True,10.4206586358,6.95
2013-02-24,1122.0,1.0,0.0,False,10.4763344599,6.95
2013-02-25,2086.0,0.0,0.0,True,10.5322670216,6.95
2013-02-26,2497.0,0.0,0.0,True,10.588443522,6.4
2013-02-27,2334.0,0.0,0.0,True,10.6448515002,7.2
2013-02-28,1759.0,0.0,0.0,True,10.7014788236,9.2
2013-03-01,1845.0,0.0,0.0,True,10.7583136772,13.05
2013-03-02,1233.0,1.0,0.0,True,10.8153445529,9.45
2013-03-03,1690.0,1.0,0.0,False,10.8725602376,6.65
2013-03-04,2791.0,0.0,0.0,False,10.9299498022,6.65
2013-03-05,2398.0,0.0,0.0,False,10.987502588699998,7.75
2013-03-06,2041.0,0.0,0.0,True,11.0452081983,6.1
2013-03-07,2150.0,0.0,0.0,True,11.1030564786,8.6
2013-03-08,2739.0,0.0,0.0,False,11.1610375101,6.95
2013-03-09,2430.0,1.0,0.0,False,11.219141593699998,6.95
2013-03-10,1046.0,1.0,0.0,True,11.2773592365,5.85
2013-03-11,2250.0,0.0,0.0,True,11.335681138599998,8.35
2013-03-12,1980.0,0.0,0.0,True,11.3940981789,11.4
2013-03-13,1894.0,0.0,0.0,True,11.4526014015,10.55
2013-03-14,2202.0,0.0,0.0,True,11.511182001199998,10.55
2013-03-15,2355.0,0.0,0.0,False,11.569831309300001,11.65
2013-03-16,1063.0,1.0,0.0,True,11.628540779100002,7.5
2013-03-17,1295.0,1.0,0.0,False,11.6873019719,6.4
2013-03-18,2381.0,0.0,0.0,False,11.746106541700001,7.8
2013-03-19,2312.0,0.0,0.0,True,11.8049462211,7.25
2013-03-20,1507.0,0.0,0.0,True,11.8638128065,7.75
2013-03-21,1924.0,0.0,0.0,True,11.9226981432,6.1
2013-03-22,1862.0,0.0,0.0,False,11.9815941108,5.0
2013-03-23,1752.0,1.0,0.0,False,12.0404926083,5.55
2013-03-24,1385.0,1.0,0.0,False,12.0993855394,6.4
2013-03-25,3159.0,0.0,0.0,False,12.1582647975,10.55
2013-03-26,3015.0,0.0,0.0,False,12.2171222511,11.4
2013-03-27,2617.0,0.0,0.0,True,12.2759497289,10.25
2013-03-28,2706.0,0.0,0.0,True,12.334739005,12.2
2013-03-29,3207.0,0.0,0.0,False,12.3934817844,13.05
2013-03-30,2497.0,1.0,0.0,False,12.452169688,12.8
2013-03-31,2363.0,1.0,0.0,False,12.510794238199999,13.65
2013-04-01,3248.0,0.0,0.0,False,12.5693468444,12.75
2013-04-02,3287.0,0.0,0.0,False,12.627818788299999,11.4
2013-04-03,3486.0,0.0,0.0,False,12.6862012099,12.25
2013-04-04,2007.0,0.0,0.0,True,12.7444850929,12.2
2013-04-05,1842.0,0.0,0.0,True,12.8026612509,11.95
2013-04-06,789.0,1.0,0.0,True,12.8607203132,9.7
2013-04-07,577.0,1.0,0.0,True,12.918652711099998,6.65
2013-04-08,2689.0,0.0,0.0,True,12.976448664600001,9.7
2013-04-09,2900.0,0.0,0.0,False,13.0340981683,9.15
2013-04-10,2113.0,0.0,0.0,True,13.091590978800001,11.95
2013-04-11,2499.0,0.0,0.0,True,13.148916601700002,9.45
2013-04-12,2045.0,0.0,0.0,True,13.2060642787,6.1
2013-04-13,846.0,1.0,0.0,True,13.263022975799998,6.95
2013-04-14,1464.0,1.0,0.0,True,13.3197813704,8.6
2013-04-15,2687.0,0.0,0.0,False,13.376327840799998,9.15
2013-04-16,3076.0,0.0,0.0,True,13.432650454000001,8.6
2013-04-17,2939.0,0.0,0.0,False,13.4887369556,9.45
2013-04-18,1972.0,0.0,0.0,True,13.544574759000001,9.2
2013-04-19,1385.0,0.0,0.0,True,13.600150936099999,11.35
2013-04-20,1032.0,1.0,0.0,False,13.6554522076,11.1
2013-04-21,968.0,1.0,0.0,True,13.710464934700001,9.45
2013-04-22,3633.0,0.0,0.0,False,13.7651751112,10.55
2013-04-23,3942.0,0.0,0.0,False,13.8195683557,10.85
2013-04-24,4450.0,0.0,0.0,False,13.8736299059,13.6
2013-04-25,4166.0,0.0,0.0,False,13.9273446122,14.2
2013-04-26,3457.0,0.0,0.0,False,13.980696933199999,14.45
2013-04-27,1214.0,1.0,0.0,False,14.0336709319,12.25
2013-04-28,1190.0,1.0,0.0,True,14.086250272400001,12.2
2013-04-29,2693.0,0.0,0.0,True,14.1384182183,10.3
2013-04-30,3402.0,0.0,0.0,False,14.190157632,8.6
2013-05-01,5017.0,0.0,0.0,False,14.241450974600001,10.8
2013-05-02,4877.0,0.0,0.0,False,14.292280308299999,13.65
2013-05-03,4520.0,0.0,0.0,False,14.342627298599998,15.55
2013-05-04,2912.0,1.0,0.0,False,14.392473219100001,18.05
2013-05-05,3003.0,1.0,0.0,False,14.441798956800001,20.3
2013-05-06,5066.0,0.0,0.0,False,14.490585019800001,21.4
2013-05-07,5103.0,0.0,0.0,False,14.5388115458,15.85
2013-05-08,4972.0,0.0,0.0,False,14.5864583125,15.25
2013-05-09,4663.0,0.0,0.0,False,14.6335047498,16.4
2013-05-10,4866.0,0.0,0.0,False,14.679929953699999,17.75
2013-05-11,2481.0,1.0,0.0,False,14.725712701800001,19.7
2013-05-12,1263.0,1.0,0.0,True,14.7708314708,17.8
2013-05-13,3367.0,0.0,0.0,True,14.8152644559,14.15
2013-05-14,4575.0,0.0,0.0,False,14.8589895921,13.05
2013-05-15,3896.0,0.0,0.0,True,14.9019845776,13.05
2013-05-16,4274.0,0.0,0.0,False,14.944226898599998,16.95
2013-05-17,4783.0,0.0,0.0,True,14.985693857100001,14.45
2013-05-18,1814.0,1.0,0.0,False,15.0263625998,13.9
2013-05-19,2136.0,1.0,0.0,False,15.066210149200002,14.45
2013-05-20,4649.0,0.0,0.0,False,15.1052134373,14.4
2013-05-21,2481.0,0.0,0.0,True,15.1433493403,11.95
2013-05-22,2860.0,0.0,0.0,True,15.180594716,9.15
2013-05-23,3023.0,0.0,0.0,True,15.2169264426,9.45
2013-05-24,3373.0,0.0,0.0,True,15.252321459500001,12.8
2013-05-25,1766.0,1.0,0.0,False,15.2867568098,13.9
2013-05-26,1191.0,1.0,0.0,True,15.320209684100002,14.45
2013-05-27,769.0,0.0,1.0,True,15.3526574666,13.9
2013-05-28,3359.0,0.0,0.0,True,15.3840777814,14.45
2013-05-29,3137.0,0.0,0.0,True,15.414448541099999,12.75
2013-05-30,3963.0,0.0,0.0,False,15.443747995799999,13.05
2013-05-31,4415.0,0.0,0.0,False,15.4719547831,15.25
2013-06-01,2240.0,1.0,0.0,False,15.4990479791,17.5
2013-06-02,2676.0,1.0,0.0,True,15.5250071493,16.4
2013-06-03,4292.0,0.0,0.0,False,15.5498124003,16.65
2013-06-04,5121.0,0.0,0.0,False,15.573444430999999,19.15
2013-06-05,5038.0,0.0,0.0,False,15.5958845843,20.55
2013-06-06,4639.0,0.0,0.0,False,15.6171148972,19.45
2013-06-07,3676.0,0.0,0.0,False,15.6371181512,17.5
2013-06-08,2179.0,1.0,0.0,False,15.655877921400002,16.7
2013-06-09,2081.0,1.0,0.0,False,15.6733786234,15.85
2013-06-10,4369.0,0.0,0.0,False,15.6896055602,16.7
2013-06-11,3678.0,0.0,0.0,False,15.704544965899998,15.0
2013-06-12,4005.0,0.0,0.0,True,15.718184048,16.15
2013-06-13,3915.0,0.0,0.0,False,15.7305110267,16.4
2013-06-14,3322.0,0.0,0.0,False,15.7415151727,16.1
2013-06-15,2556.0,1.0,0.0,False,15.751186840399999,17.8
2013-06-16,2302.0,1.0,0.0,False,15.7595174999,18.35
2013-06-17,4252.0,0.0,0.0,False,15.7664997639,19.75
2013-06-18,4526.0,0.0,0.0,True,15.7721274127,18.3
2013-06-19,3655.0,0.0,0.0,False,15.776395413900001,16.4
2013-06-20,2471.0,0.0,0.0,True,15.7792999398,15.0
2013-06-21,3010.0,0.0,0.0,True,15.78083838,16.4
2013-06-22,3143.0,1.0,0.0,False,15.7810093499,18.65
2013-06-23,1644.0,1.0,0.0,True,15.779812695499999,18.6
2013-06-24,2432.0,0.0,0.0,True,15.777249494000001,17.5
2013-06-25,2649.0,0.0,0.0,True,15.773322050099999,18.85
2013-06-26,2904.0,0.0,0.0,True,15.7680338883,18.6
2013-06-27,2928.0,0.0,0.0,True,15.761389740999999,18.9
2013-06-28,4099.0,0.0,0.0,False,15.753395533099999,23.35
2013-06-29,2732.0,1.0,0.0,False,15.7440583619,24.15
2013-06-30,2746.0,1.0,0.0,False,15.733386474300001,25.55
2013-07-01,4207.0,0.0,0.0,False,15.7213892397,25.0
2013-07-02,4696.0,0.0,0.0,False,15.7080771196,21.95
2013-07-03,4255.0,0.0,0.0,False,15.6934616344,21.4
2013-07-04,3749.0,0.0,1.0,False,15.6775553271,17.8
2013-07-05,3088.0,0.0,0.0,False,15.660371724100001,18.6
2013-07-06,2922.0,1.0,0.0,False,15.641925293900002,19.7
2013-07-07,2595.0,1.0,0.0,False,15.622231402999999,18.9
2013-07-08,4347.0,0.0,0.0,False,15.601306270699999,20.0
2013-07-09,4816.0,0.0,0.0,False,15.5791669218,22.5
2013-07-10,4607.0,0.0,0.0,False,15.5558311376,18.05
2013-07-11,4100.0,0.0,0.0,False,15.531317406500001,17.5
2013-07-12,3696.0,0.0,0.0,False,15.5056448733,16.35
2013-07-13,2698.0,1.0,0.0,False,15.478833288299999,18.6
2013-07-14,2640.0,1.0,0.0,False,15.4509029554,20.3
2013-07-15,4418.0,0.0,0.0,False,15.421874681099998,21.1
2013-07-16,4593.0,0.0,0.0,False,15.3917697229,24.7
2013-07-17,4171.0,0.0,0.0,False,15.360609738499999,18.6
2013-07-18,4386.0,0.0,0.0,False,15.3284167356,20.0
2013-07-19,3915.0,0.0,0.0,False,15.2952130226,20.55
2013-07-20,2511.0,1.0,0.0,False,15.2610211597,19.15
2013-07-21,2425.0,1.0,0.0,False,15.2258639122,18.35
2013-07-22,4174.0,0.0,0.0,False,15.189764204400001,19.7
2013-07-23,4604.0,0.0,0.0,False,15.152745075,22.5
2013-07-24,4694.0,0.0,0.0,False,15.114829634300001,22.75
2013-07-25,4473.0,0.0,0.0,False,15.076041023299998,21.95
2013-07-26,3963.0,0.0,0.0,False,15.036402373800001,22.75
2013-07-27,2501.0,1.0,0.0,False,14.995936771199998,19.2
2013-07-28,1980.0,1.0,0.0,False,14.954667218800001,16.65
2013-07-29,4088.0,0.0,0.0,False,14.912616603800002,19.15
2013-07-30,4540.0,0.0,0.0,False,14.8698076661,19.15
2013-07-31,4122.0,0.0,0.0,False,14.8262629681,17.5
2013-08-01,3719.0,0.0,0.0,False,14.782004866900001,16.95
2013-08-02,2579.0,0.0,0.0,True,14.737055489200001,16.1
2013-08-03,2257.0,1.0,0.0,False,14.691436706700001,20.3
2013-08-04,2466.0,1.0,0.0,False,14.645170115099999,21.95
2013-08-05,4312.0,0.0,0.0,False,14.598277013699999,22.5
2013-08-06,4602.0,0.0,0.0,False,14.5507783876,22.25
2013-08-07,4556.0,0.0,0.0,False,14.502694891700001,22.5
2013-08-08,4275.0,0.0,0.0,False,14.454046836600002,21.35
2013-08-09,3833.0,0.0,0.0,False,14.404854175599999,21.35
2013-08-10,1897.0,1.0,0.0,True,14.355136494100002,20.3
2013-08-11,2315.0,1.0,0.0,False,14.3049130004,19.7
2013-08-12,4028.0,0.0,0.0,False,14.2542025183,20.85
2013-08-13,4469.0,0.0,0.0,False,14.203023480699999,21.4
2013-08-14,4171.0,0.0,0.0,True,14.1513939249,21.1
2013-08-15,3334.0,0.0,0.0,True,14.0993314897,19.15
2013-08-16,3819.0,0.0,0.0,False,14.0468534132,22.5
2013-08-17,2219.0,1.0,0.0,False,13.993976531900001,21.4
2013-08-18,2301.0,1.0,0.0,False,13.940717281800001,20.85
2013-08-19,4117.0,0.0,0.0,False,13.8870916994,21.15
2013-08-20,4524.0,0.0,0.0,False,13.8331154247,20.85
2013-08-21,4392.0,0.0,0.0,False,13.7788037048,21.4
2013-08-22,4170.0,0.0,0.0,False,13.7241713983,21.95
2013-08-23,3446.0,0.0,0.0,False,13.669232981199999,20.55
2013-08-24,2030.0,1.0,0.0,False,13.614002552899999,20.85
2013-08-25,2059.0,1.0,0.0,True,13.558493843399999,19.15
2013-08-26,3240.0,0.0,0.0,True,13.502720220999999,20.25
2013-08-27,3892.0,0.0,0.0,True,13.446694700799998,21.95
2013-08-28,3484.0,0.0,0.0,True,13.390429953800002,21.15
2013-08-29,2375.0,0.0,0.0,True,13.333938316600001,21.1
2013-08-30,3376.0,0.0,0.0,False,13.277231801500001,21.1
2013-08-31,2292.0,1.0,0.0,False,13.220322107100001,20.85
2013-09-01,2288.0,1.0,0.0,False,13.1632206296,21.7
2013-09-02,2325.0,0.0,1.0,False,13.105938474,22.5
2013-09-03,2931.0,0.0,0.0,True,13.048486466400002,20.85
2013-09-04,3830.0,0.0,0.0,True,12.990875166099999,19.45
2013-09-05,2248.0,0.0,0.0,True,12.9331148781,17.8
2013-09-06,2223.0,0.0,0.0,True,12.875215665799999,18.9
2013-09-07,1880.0,1.0,0.0,False,12.8171873644,20.25
2013-09-08,2331.0,1.0,0.0,False,12.7590395944,20.55
2013-09-09,3893.0,0.0,0.0,False,12.700781774500001,20.0
2013-09-10,4245.0,0.0,0.0,False,12.6424231358,20.85
2013-09-11,4411.0,0.0,0.0,False,12.583972736,25.0
2013-09-12,4045.0,0.0,0.0,False,12.5254394728,20.3
2013-09-13,3232.0,0.0,0.0,False,12.4668320985,17.25
2013-09-14,1832.0,1.0,0.0,False,12.408159234300001,18.65
2013-09-15,1024.0,1.0,0.0,True,12.3494293847,16.65
2013-09-16,3065.0,0.0,0.0,True,12.2906509521,18.35
2013-09-17,3284.0,0.0,0.0,False,12.231832251099998,15.85
2013-09-18,3909.0,0.0,0.0,False,12.172981523499999,17.2
2013-09-19,4118.0,0.0,0.0,False,12.1141069529,17.8
2013-09-20,3334.0,0.0,0.0,True,12.0552166793,18.3
2013-09-21,1932.0,1.0,0.0,False,11.9963188143,17.2
2013-09-22,796.0,1.0,0.0,True,11.937421455099999,15.25
2013-09-23,2257.0,0.0,0.0,True,11.8785327004,13.6
2013-09-24,3206.0,0.0,0.0,False,11.8196606643,13.9
2013-09-25,3102.0,0.0,0.0,True,11.7608134915,12.75
2013-09-26,3613.0,0.0,0.0,False,11.701999371900001,12.2
2013-09-27,2149.0,0.0,0.0,True,11.6432265558,12.25
2013-09-28,477.0,1.0,0.0,True,11.5845033679,14.2
2013-09-29,490.0,1.0,0.0,True,11.5258382226,12.75
2013-09-30,2259.0,0.0,0.0,True,11.467239638199999,11.95
2013-10-01,2730.0,0.0,0.0,True,11.408716251400001,11.65
2013-10-02,2412.0,0.0,0.0,True,11.350276832,11.1
2013-10-03,3251.0,0.0,0.0,True,11.2919302969,11.65
2013-10-04,3214.0,0.0,0.0,False,11.2336857247,11.7
2013-10-05,2153.0,1.0,0.0,False,11.1755523691,14.15
2013-10-06,2170.0,1.0,0.0,True,11.1175396736,15.3
2013-10-07,2940.0,0.0,0.0,True,11.0596572844,13.9
2013-10-08,2890.0,0.0,0.0,True,11.0019150646,10.85
2013-10-09,3587.0,0.0,0.0,False,10.9443231073,10.3
2013-10-10,3172.0,0.0,0.0,True,10.886891748399998,11.35
2013-10-11,2334.0,0.0,0.0,True,10.829631579900001,12.25
2013-10-12,1274.0,1.0,0.0,True,10.772553462100001,11.65
2013-10-13,1515.0,1.0,0.0,False,10.7156685357,10.85
2013-10-14,3405.0,0.0,1.0,False,10.658988234299999,9.75
2013-10-15,3464.0,0.0,0.0,False,10.6025242949,10.3
2013-10-16,3340.0,0.0,0.0,False,10.5462887699,10.85
2013-10-17,3251.0,0.0,0.0,False,10.490294037,11.65
2013-10-18,2950.0,0.0,0.0,False,10.4345528098,10.0
2013-10-19,1134.0,1.0,0.0,False,10.379078147000001,9.2
2013-10-20,1112.0,1.0,0.0,False,10.3238834618,9.2
2013-10-21,3006.0,0.0,0.0,False,10.2689825298,10.0
2013-10-22,3162.0,0.0,0.0,False,10.2143894971,10.8
2013-10-23,3084.0,0.0,0.0,False,10.1601188873,9.45
2013-10-24,3015.0,0.0,0.0,False,10.1061856073,8.05
2013-10-25,2435.0,0.0,0.0,False,10.0526049531,10.0
2013-10-26,1367.0,1.0,0.0,False,9.99939261391,10.0
2013-10-27,778.0,1.0,0.0,True,9.94656467622,11.1
2013-10-28,3328.0,0.0,0.0,False,9.89413762585,10.8
2013-10-29,3352.0,0.0,0.0,False,9.84212834965,8.3
2013-10-30,2954.0,0.0,0.0,True,9.79055413582,10.3
2013-10-31,2573.0,0.0,0.0,True,9.73943267304,12.5
2013-11-01,2812.0,0.0,0.0,True,9.6887820484,14.75
2013-11-02,670.0,1.0,0.0,True,9.63862074389,11.35
2013-11-03,1321.0,1.0,0.0,True,9.58896763165,8.3
2013-11-04,3058.0,0.0,0.0,False,9.53984196762,7.25
2013-11-05,2789.0,0.0,0.0,True,9.4912633838,10.25
2013-11-06,2918.0,0.0,0.0,True,9.443251878789999,10.3
2013-11-07,1709.0,0.0,0.0,True,9.39582780678,10.55
2013-11-08,2632.0,0.0,0.0,False,9.34901186482,10.25
2013-11-09,1193.0,1.0,0.0,True,9.302825078280001,8.05
2013-11-10,990.0,1.0,0.0,False,9.25728878454,9.7
2013-11-11,2661.0,0.0,1.0,False,9.21242461481,11.1
2013-11-12,2416.0,0.0,0.0,True,9.16825447405,12.25
2013-11-13,3067.0,0.0,0.0,False,9.12480051891,12.25
2013-11-14,2591.0,0.0,0.0,True,9.08208513378,8.6
2013-11-15,2063.0,0.0,0.0,True,9.040130904760002,8.9
2013-11-16,1121.0,1.0,0.0,False,8.99896059171,7.5
2013-11-17,966.0,1.0,0.0,True,8.958597098239999,9.45
2013-11-18,2112.0,0.0,0.0,True,8.91906343975,11.1
2013-11-19,2309.0,0.0,0.0,True,8.88038270942,8.85
2013-11-20,2834.0,0.0,0.0,False,8.84257804239,4.75
2013-11-21,2505.0,0.0,0.0,False,8.805672577889998,3.65
2013-11-22,2330.0,0.0,0.0,False,8.76968941962,4.7
2013-11-23,1210.0,1.0,0.0,False,8.734651594389998,6.1
2013-11-24,1141.0,1.0,0.0,False,8.70058200902,6.15
2013-11-25,2609.0,0.0,0.0,False,8.667503405680002,7.2
2013-11-26,2541.0,0.0,0.0,False,8.63543831584,7.5
2013-11-27,2251.0,0.0,0.0,False,8.60440901286,10.0
2013-11-28,582.0,0.0,1.0,False,8.57443746344,7.5
2013-11-29,1004.0,0.0,0.0,True,8.545545278039999,7.2
2013-11-30,865.0,1.0,0.0,True,8.517753660599999,9.15
2013-12-01,681.0,1.0,0.0,True,8.49108335755,10.55
2013-12-02,2283.0,0.0,0.0,True,8.46555460651,4.75
2013-12-03,2211.0,0.0,0.0,False,8.44118708475,2.25
2013-12-04,2078.0,0.0,0.0,False,8.417999857869999,1.15
2013-12-05,1938.0,0.0,0.0,False,8.39601132864,-1.9
2013-12-06,1694.0,0.0,0.0,False,8.375239186569999,-1.6
2013-12-07,591.0,1.0,0.0,False,8.355700358310001,-3.55
2013-12-08,473.0,1.0,0.0,False,8.33741095911,-2.2
2013-12-09,1793.0,0.0,0.0,False,8.32038624578,-1.9
2013-12-10,1870.0,0.0,0.0,False,8.304640571310001,3.1
2013-12-11,2136.0,0.0,0.0,False,8.29018734141,1.7
2013-12-12,1934.0,0.0,0.0,True,8.27703897331,2.55
2013-12-13,1769.0,0.0,0.0,True,8.265206857010002,7.5
2013-12-14,884.0,1.0,0.0,False,8.25470131935,7.75
2013-12-15,755.0,1.0,0.0,True,8.24553159092,10.0
2013-12-16,2500.0,0.0,0.0,True,8.23770577626,7.2
2013-12-17,2232.0,0.0,0.0,False,8.23123082743,6.35
2013-12-18,2171.0,0.0,0.0,True,8.226112521180001,5.0
2013-12-19,2075.0,0.0,0.0,False,8.22235543975,2.5
2013-12-20,739.0,0.0,0.0,True,8.21996295573,4.45
2013-12-21,520.0,1.0,0.0,True,8.218937220689998,7.25
2013-12-22,400.0,1.0,0.0,True,8.21927915803,9.45
2013-12-23,1417.0,0.0,0.0,True,8.22098845987,8.9
2013-12-24,1082.0,0.0,0.0,False,8.224063588069999,5.55
2013-12-25,371.0,0.0,1.0,False,8.2285017794,4.2
2013-12-26,1190.0,0.0,0.0,False,8.234299054780001,3.65
2013-12-27,1066.0,0.0,0.0,True,8.24145023256,4.45
2013-12-28,875.0,1.0,0.0,False,8.24994894573,6.35
2013-12-29,684.0,1.0,0.0,False,8.259787662879999,4.45
2013-12-30,1722.0,0.0,0.0,True,8.27095771294,6.65
2013-12-31,1419.0,0.0,0.0,True,8.283449313250001,6.65
2014-01-01,914.0,0.0,1.0,False,8.297251601080001,5.25
2014-01-02,1865.0,0.0,0.0,True,8.312352668139999,8.35
2014-01-03,2027.0,0.0,0.0,True,8.328739597939999,5.85
2014-01-04,1172.0,1.0,0.0,False,8.346398505860002,4.2
2014-01-05,1151.0,1.0,0.0,False,8.36531458144,3.9
2014-01-06,2304.0,0.0,0.0,True,8.385472132839999,3.65
2014-01-07,2082.0,0.0,0.0,True,8.406854633150001,6.65
2014-01-08,1948.0,0.0,0.0,True,8.42944476815,8.6
2014-01-09,2120.0,0.0,0.0,True,8.45322448543,7.5
2014-01-10,1780.0,0.0,0.0,True,8.47817504446,10.55
2014-01-11,423.0,1.0,0.0,True,8.5042770674,10.8
2014-01-12,655.0,1.0,0.0,True,8.531510590349999,8.35
2014-01-13,2530.0,0.0,0.0,False,8.55985511487,10.3
2014-01-14,2808.0,0.0,0.0,False,8.58928965937,9.15
2014-01-15,2772.0,0.0,0.0,False,8.61979281031,8.35
2014-01-16,2641.0,0.0,0.0,False,8.651342772869999,5.55
2014-01-17,2310.0,0.0,0.0,False,8.68391742089,4.2
2014-01-18,1135.0,1.0,0.0,False,8.71749434595,5.0
2014-01-19,822.0,1.0,0.0,False,8.75205090537,4.7
2014-01-20,1874.0,0.0,1.0,False,8.787564269,6.4
2014-01-21,2680.0,0.0,0.0,False,8.82401146453,5.85
2014-01-22,2692.0,0.0,0.0,True,8.86136942144,7.5
2014-01-23,2649.0,0.0,0.0,False,8.89961501317,6.4
2014-01-24,2521.0,0.0,0.0,False,8.93872509771,6.95
2014-01-25,1441.0,1.0,0.0,False,8.978676556289999,6.65
2014-01-26,1429.0,1.0,0.0,False,9.019446330260001,4.45
2014-01-27,2499.0,0.0,0.0,False,9.06101145599,5.55
2014-01-28,2466.0,0.0,0.0,True,9.10334909787,8.6
2014-01-29,1899.0,0.0,0.0,True,9.1464365793,9.15
2014-01-30,2229.0,0.0,0.0,False,9.19025141165,7.2
2014-01-31,2035.0,0.0,0.0,True,9.23477132128,6.7
2014-02-01,1134.0,1.0,0.0,True,9.27997427452,5.3
2014-02-02,1095.0,1.0,0.0,False,9.32583850065,5.0
2014-02-03,2290.0,0.0,0.0,False,9.37234251298,2.5
2014-02-04,2091.0,0.0,0.0,False,9.41946512797,0.35
2014-02-05,2588.0,0.0,0.0,False,9.4671854825,-3.0
2014-02-06,1562.0,0.0,0.0,False,9.51548304925,-3.8
2014-02-07,1572.0,0.0,0.0,False,9.564337650319999,-0.8
2014-02-08,795.0,1.0,0.0,True,9.61372946915,2.55
2014-02-09,221.0,1.0,0.0,True,9.663639060689999,1.95
2014-02-10,1428.0,0.0,0.0,True,9.71404736004,6.1
2014-02-11,2024.0,0.0,0.0,True,9.76493568941,8.9
2014-02-12,2139.0,0.0,0.0,True,9.81628576376,9.7
2014-02-13,2389.0,0.0,0.0,True,9.86807969486,10.3
2014-02-14,1786.0,0.0,0.0,True,9.9202999941,8.9
2014-02-15,658.0,1.0,0.0,True,9.972929573910001,8.05
2014-02-16,485.0,1.0,0.0,True,10.025951747999999,6.65
2014-02-17,1028.0,0.0,1.0,True,10.079350230700001,6.35
2014-02-18,1525.0,0.0,0.0,True,10.1331091343,6.95
2014-02-19,2167.0,0.0,0.0,True,10.187212966799999,6.1
2014-02-20,2214.0,0.0,0.0,True,10.2416466272,7.8
2014-02-21,1889.0,0.0,0.0,True,10.2963954012,5.3
2014-02-22,624.0,1.0,0.0,True,10.3514449548,4.2
2014-02-23,691.0,1.0,0.0,True,10.4067813279,5.55
2014-02-24,1557.0,0.0,0.0,True,10.4623909272,5.0
2014-02-25,2563.0,0.0,0.0,True,10.5182605178,8.05
2014-02-26,2960.0,0.0,0.0,False,10.5743772148,9.75
2014-02-27,2721.0,0.0,0.0,False,10.6307284736,8.6
2014-02-28,2829.0,0.0,0.0,False,10.6873020806,9.4
2014-03-01,989.0,1.0,0.0,True,10.7440861424,5.8
2014-03-02,431.0,1.0,0.0,True,10.8010690751,6.95
2014-03-03,1720.0,0.0,0.0,True,10.858239592999999,11.65
2014-03-04,2053.0,0.0,0.0,True,10.9155866972,10.85
2014-03-05,1874.0,0.0,0.0,True,10.973099663,13.1
2014-03-06,1801.0,0.0,0.0,True,11.030768027999999,11.65
2014-03-07,2560.0,0.0,0.0,False,11.088581579500001,12.25
2014-03-08,726.0,1.0,0.0,True,11.146530340899998,9.75
2014-03-09,1142.0,1.0,0.0,True,11.204604559200002,12.2
2014-03-10,2145.0,0.0,0.0,True,11.262794691400002,9.15
2014-03-11,3416.0,0.0,0.0,False,11.3210913905,9.4
2014-03-12,3665.0,0.0,0.0,False,11.3794854921,9.7
2014-03-13,3313.0,0.0,0.0,True,11.4379680003,9.45
2014-03-14,2216.0,0.0,0.0,True,11.496530073499999,11.35
2014-03-15,1177.0,1.0,0.0,True,11.5551630102,10.55
2014-03-16,375.0,1.0,0.0,True,11.6138582347,7.5
2014-03-17,2809.0,0.0,0.0,True,11.6726072826,6.4
2014-03-18,2802.0,0.0,0.0,False,11.731401786,6.65
2014-03-19,2192.0,0.0,0.0,True,11.790233459300001,7.2
2014-03-20,2691.0,0.0,0.0,False,11.8490940844,6.4
2014-03-21,2652.0,0.0,0.0,False,11.907975495599999,6.7
2014-03-22,1504.0,1.0,0.0,False,11.9668695655,6.1
2014-03-23,1963.0,1.0,0.0,False,12.0257681895,8.6
2014-03-24,3636.0,0.0,0.0,False,12.0846632715,10.85
2014-03-25,2087.0,0.0,0.0,True,12.143546709,10.3
2014-03-26,2346.0,0.0,0.0,True,12.2024103779,8.35
2014-03-27,2357.0,0.0,0.0,True,12.261246118499999,9.45
2014-03-28,1525.0,0.0,0.0,True,12.3200457197,9.45
2014-03-29,571.0,1.0,0.0,True,12.3788009053,9.45
2014-03-30,1320.0,1.0,0.0,False,12.4375033185,8.05
2014-03-31,3436.0,0.0,0.0,False,12.4961445078,8.9
2014-04-01,3791.0,0.0,0.0,False,12.5547159121,10.55
2014-04-02,3672.0,0.0,0.0,False,12.613208846400001,10.0
2014-04-03,2623.0,0.0,0.0,True,12.6716144875,9.7
2014-04-04,2817.0,0.0,0.0,False,12.729923859500001,9.45
2014-04-05,1044.0,1.0,0.0,True,12.7881278198,9.75
2014-04-06,1543.0,1.0,0.0,False,12.8462170451,11.1
2014-04-07,4319.0,0.0,0.0,False,12.9041820175,15.25
2014-04-08,2806.0,0.0,0.0,True,12.9620130111,11.95
2014-04-09,3828.0,0.0,0.0,False,13.019700078,10.55
2014-04-10,3940.0,0.0,0.0,False,13.077233035599999,10.85
2014-04-11,3435.0,0.0,0.0,False,13.134601453499998,11.1
2014-04-12,2185.0,1.0,0.0,False,13.1917946405,11.95
2014-04-13,2647.0,1.0,0.0,False,13.2488016325,13.1
2014-04-14,4006.0,0.0,0.0,False,13.3056111804,12.8
2014-04-15,3206.0,0.0,0.0,True,13.3622117383,11.1
2014-04-16,2133.0,0.0,0.0,True,13.418591451900001,10.0
2014-04-17,1750.0,0.0,0.0,True,13.4747381482,9.45
2014-04-18,2930.0,0.0,0.0,False,13.530639324700001,10.0
2014-04-19,906.0,1.0,0.0,True,13.5862821394,8.65
2014-04-20,1734.0,1.0,0.0,False,13.641653401700001,10.6
2014-04-21,3401.0,0.0,0.0,True,13.6967395636,12.5
2014-04-22,2423.0,0.0,0.0,True,13.751526711199999,8.6
2014-04-23,2832.0,0.0,0.0,True,13.8060005577,8.9
2014-04-24,2511.0,0.0,0.0,True,13.860146436500001,10.0
2014-04-25,3194.0,0.0,0.0,False,13.9139492954,10.0
2014-04-26,2049.0,1.0,0.0,True,13.967393691400002,10.3
2014-04-27,1402.0,1.0,0.0,True,14.0204637865,8.6
2014-04-28,3758.0,0.0,0.0,False,14.0731433449,10.25
2014-04-29,4803.0,0.0,0.0,False,14.1254157305,17.2
2014-04-30,5167.0,0.0,0.0,False,14.177263905799999,18.6
2014-05-01,5937.0,0.0,0.0,False,14.2286704323,20.25
2014-05-02,4608.0,0.0,0.0,False,14.2796174717,14.45
2014-05-03,1157.0,1.0,0.0,True,14.3300867882,11.95
2014-05-04,620.0,1.0,0.0,True,14.3800597529,11.65
2014-05-05,3301.0,0.0,0.0,True,14.429517349000001,12.5
2014-05-06,4636.0,0.0,0.0,False,14.4784401785,12.5
2014-05-07,5455.0,0.0,0.0,False,14.526808470699999,12.75
2014-05-08,3230.0,0.0,0.0,True,14.574602092300001,11.65
2014-05-09,3036.0,0.0,0.0,True,14.621800559,10.25
2014-05-10,1725.0,1.0,0.0,True,14.668383048699999,11.4
2014-05-11,2376.0,1.0,0.0,False,14.7143284171,13.6
2014-05-12,5432.0,0.0,0.0,False,14.7596152144,16.9
2014-05-13,6088.0,0.0,0.0,False,14.804221704300002,19.75
2014-05-14,5887.0,0.0,0.0,False,14.8481258847,20.55
2014-05-15,5300.0,0.0,0.0,False,14.891305510699999,19.75
2014-05-16,5742.0,0.0,0.0,False,14.933738119100001,15.85
2014-05-17,2041.0,1.0,0.0,False,14.975401055199999,15.85
2014-05-18,1937.0,1.0,0.0,False,15.0162715016,15.3
2014-05-19,4702.0,0.0,0.0,False,15.056326509000002,15.55
2014-05-20,5678.0,0.0,0.0,False,15.095543028699998,16.1
2014-05-21,5229.0,0.0,0.0,False,15.1338979475,15.3
2014-05-22,4910.0,0.0,0.0,False,15.1713681242,18.05
2014-05-23,2556.0,0.0,0.0,True,15.2079304281,16.4
2014-05-24,2155.0,1.0,0.0,False,15.2435617795,14.7
2014-05-25,1234.0,1.0,0.0,True,15.2782391913,12.8
2014-05-26,2289.0,0.0,1.0,False,15.311939813199999,14.7
2014-05-27,5032.0,0.0,0.0,False,15.344640976600001,15.0
2014-05-28,4008.0,0.0,0.0,False,15.376320241099998,14.45
2014-05-29,4587.0,0.0,0.0,False,15.4069554427,15.0
2014-05-30,4869.0,0.0,0.0,False,15.4365247423,14.75
2014-05-31,2887.0,1.0,0.0,False,15.4650066761,16.65
2014-06-01,2601.0,1.0,0.0,False,15.4923802057,16.4
2014-06-02,4914.0,0.0,0.0,False,15.5186247694,17.2
2014-06-03,4670.0,0.0,0.0,False,15.5437203336,14.7
2014-06-04,4863.0,0.0,0.0,False,15.5676474446,14.7
2014-06-05,4675.0,0.0,0.0,False,15.590387279200002,16.1
2014-06-06,4382.0,0.0,0.0,False,15.611921696300001,17.8
2014-06-07,2807.0,1.0,0.0,False,15.6322332868,18.85
2014-06-08,3547.0,1.0,0.0,False,15.6513054225,17.75
2014-06-09,4128.0,0.0,0.0,False,15.6691223049,17.2
2014-06-10,4530.0,0.0,0.0,False,15.6856690107,16.1
2014-06-11,5196.0,0.0,0.0,False,15.7009315372,17.5
2014-06-12,4077.0,0.0,0.0,True,15.7148968447,16.95
2014-06-13,2266.0,0.0,0.0,True,15.7275528968,13.35
2014-06-14,1773.0,1.0,0.0,False,15.7388886981,14.75
2014-06-15,1267.0,1.0,0.0,True,15.7488943291,14.15
2014-06-16,3361.0,0.0,0.0,True,15.757560978299999,13.35
2014-06-17,4107.0,0.0,0.0,True,15.7648809703,13.9
2014-06-18,4650.0,0.0,0.0,False,15.770847791300001,15.0
2014-06-19,4412.0,0.0,0.0,True,15.775456110599999,18.65
2014-06-20,3790.0,0.0,0.0,True,15.7787017978,15.0
2014-06-21,3204.0,1.0,0.0,False,15.780581937300001,16.4
2014-06-22,2714.0,1.0,0.0,False,15.7810948373,18.05
2014-06-23,4477.0,0.0,0.0,False,15.780240035999999,19.15
2014-06-24,4342.0,0.0,0.0,False,15.7780183031,19.4
2014-06-25,4532.0,0.0,0.0,False,15.774431636800001,20.0
2014-06-26,3857.0,0.0,0.0,False,15.7694832578,17.75
2014-06-27,2871.0,0.0,0.0,True,15.7631775977,17.5
2014-06-28,1780.0,1.0,0.0,True,15.755520285,16.65
2014-06-29,2312.0,1.0,0.0,False,15.7465181259,16.7
2014-06-30,4802.0,0.0,0.0,False,15.7361790824,19.2
2014-07-01,5147.0,0.0,0.0,False,15.7245122459,25.0
2014-07-02,4742.0,0.0,0.0,False,15.7115278078,20.8
2014-07-03,3759.0,0.0,0.0,False,15.6972370273,17.8
2014-07-04,3284.0,0.0,1.0,False,15.6816521952,18.9
2014-07-05,1976.0,1.0,0.0,False,15.664786595799999,18.85
2014-07-06,2882.0,1.0,0.0,False,15.6466544661,21.95
2014-07-07,4456.0,0.0,0.0,False,15.6272709523,22.5
2014-07-08,5215.0,0.0,0.0,False,15.606652065,22.8
2014-07-09,5135.0,0.0,0.0,False,15.5848146319,20.3
2014-07-10,4800.0,0.0,0.0,False,15.56177625,20.85
2014-07-11,4168.0,0.0,0.0,False,15.5375552355,23.05
2014-07-12,2480.0,1.0,0.0,False,15.5121705741,24.45
2014-07-13,2298.0,1.0,0.0,False,15.4856418693,22.2
2014-07-14,4411.0,0.0,0.0,False,15.4579892915,21.4
2014-07-15,4941.0,0.0,0.0,False,15.429233526400001,22.5
2014-07-16,5009.0,0.0,0.0,False,15.3993957235,22.75
2014-07-17,4535.0,0.0,0.0,False,15.3684974453,20.3
2014-07-18,4135.0,0.0,0.0,False,15.336560616500002,17.8
2014-07-19,2120.0,1.0,0.0,False,15.303607475,20.3
2014-07-20,1535.0,1.0,0.0,False,15.2696605226,16.9
2014-07-21,4525.0,0.0,0.0,False,15.2347424775,18.6
2014-07-22,4778.0,0.0,0.0,True,15.1988762287,17.2
2014-07-23,1989.0,0.0,0.0,True,15.1620847901,16.1
2014-07-24,3002.0,0.0,0.0,False,15.1243912583,16.7
2014-07-25,4072.0,0.0,0.0,False,15.0858187703,17.5
2014-07-26,2710.0,1.0,0.0,False,15.046390463699998,19.7
2014-07-27,2627.0,1.0,0.0,False,15.006129439,21.65
2014-07-28,4796.0,0.0,0.0,False,14.965058723199999,22.8
2014-07-29,5248.0,0.0,0.0,False,14.923201235799999,22.8
2014-07-30,5059.0,0.0,0.0,False,14.8805797561,21.9
2014-07-31,4835.0,0.0,0.0,False,14.837216893699999,24.2
2014-08-01,4106.0,0.0,0.0,False,14.7931350596,21.95
2014-08-02,2110.0,1.0,0.0,True,14.7483564401,22.5
2014-08-03,2517.0,1.0,0.0,False,14.702902973099999,23.05
2014-08-04,4690.0,0.0,0.0,False,14.6567963251,24.45
2014-08-05,4819.0,0.0,0.0,False,14.610057871199999,19.45
2014-08-06,4778.0,0.0,0.0,False,14.562708676700002,20.55
2014-08-07,4553.0,0.0,0.0,False,14.5147694805,19.45
2014-08-08,3956.0,0.0,0.0,False,14.4662606804,19.45
2014-08-09,2429.0,1.0,0.0,False,14.4172023202,21.4
2014-08-10,2550.0,1.0,0.0,False,14.367614078099999,22.25
2014-08-11,4325.0,0.0,0.0,True,14.3175152577,26.7
2014-08-12,3767.0,0.0,0.0,True,14.2669247792,22.2
2014-08-13,3286.0,0.0,0.0,True,14.215861174,19.15
2014-08-14,4029.0,0.0,0.0,False,14.1643425785,19.15
2014-08-15,3122.0,0.0,0.0,True,14.1123867314,20.55
2014-08-16,2384.0,1.0,0.0,False,14.060010971099999,20.6
2014-08-17,2446.0,1.0,0.0,False,14.0072322345,21.4
2014-08-18,4636.0,0.0,0.0,False,13.9540670576,22.5
2014-08-19,4934.0,0.0,0.0,False,13.9005315766,21.4
2014-08-20,4189.0,0.0,0.0,False,13.8466415303,17.8
2014-08-21,4324.0,0.0,0.0,False,13.7924122636,16.1
2014-08-22,3835.0,0.0,0.0,False,13.737858731700001,18.6
2014-08-23,2430.0,1.0,0.0,False,13.6829955059,20.85
2014-08-24,2419.0,1.0,0.0,False,13.6278367789,19.15
2014-08-25,4983.0,0.0,0.0,False,13.5723963724,21.65
2014-08-26,5551.0,0.0,0.0,False,13.5166877444,23.35
2014-08-27,5046.0,0.0,0.0,False,13.4607239975,22.5
2014-08-28,4409.0,0.0,0.0,False,13.404517887799999,18.85
2014-08-29,3188.0,0.0,0.0,False,13.3480818345,18.9
2014-08-30,859.0,1.0,0.0,True,13.2914279301,16.4
2014-08-31,1820.0,1.0,0.0,True,13.234567950499999,17.5
2014-09-01,2356.0,0.0,1.0,False,13.177513366500001,18.05
2014-09-02,3493.0,0.0,0.0,True,13.1202753547,16.95
2014-09-03,4121.0,0.0,0.0,False,13.06286481,16.7
2014-09-04,4940.0,0.0,0.0,False,13.0052923571,17.5
2014-09-05,4187.0,0.0,0.0,False,12.947568363299998,20.85
2014-09-06,2400.0,1.0,0.0,False,12.8897029513,23.6
2014-09-07,2214.0,1.0,0.0,False,12.8317060122,20.8
2014-09-08,3809.0,0.0,0.0,False,12.7735872187,17.2
2014-09-09,3988.0,0.0,0.0,False,12.7153560387,17.5
2014-09-10,4015.0,0.0,0.0,False,12.6570217491,17.2
2014-09-11,4042.0,0.0,0.0,False,12.598593449400001,18.6
2014-09-12,3903.0,0.0,0.0,False,12.540080075999999,18.6
2014-09-13,2367.0,1.0,0.0,False,12.481490416400002,19.15
2014-09-14,2181.0,1.0,0.0,False,12.4228331231,20.85
2014-09-15,4450.0,0.0,0.0,False,12.364116728399999,21.4
2014-09-16,4338.0,0.0,0.0,False,12.3053496588,18.05
2014-09-17,3725.0,0.0,0.0,True,12.2465402496,18.6
2014-09-18,3272.0,0.0,0.0,True,12.1876967595,17.2
2014-09-19,3734.0,0.0,0.0,False,12.1288273851,20.0
2014-09-20,2225.0,1.0,0.0,False,12.069940275899999,19.4
2014-09-21,2217.0,1.0,0.0,False,12.0110435493,19.45
2014-09-22,3786.0,0.0,0.0,True,11.9521453048,18.6
2014-09-23,3416.0,0.0,0.0,True,11.893253639100001,16.65
2014-09-24,2166.0,0.0,0.0,True,11.834376661199999,16.65
2014-09-25,2962.0,0.0,0.0,True,11.7755225068,18.05
2014-09-26,2511.0,0.0,0.0,True,11.716699353,16.95
2014-09-27,2325.0,1.0,0.0,False,11.657915433800001,16.15
2014-09-28,1818.0,1.0,0.0,False,11.5991790538,15.55
2014-09-29,3035.0,0.0,0.0,True,11.5404986035,13.9
2014-09-30,3562.0,0.0,0.0,False,11.4818825741,15.8
2014-10-01,3837.0,0.0,0.0,False,11.4233395711,14.7
2014-10-02,3896.0,0.0,0.0,False,11.3648783299,14.7
2014-10-03,3709.0,0.0,0.0,False,11.306507729200002,15.55
2014-10-04,1940.0,1.0,0.0,False,11.2482368058,16.95
2014-10-05,2162.0,1.0,0.0,False,11.190074768399999,17.8
2014-10-06,4074.0,0.0,0.0,False,11.1320310117,19.45
2014-10-07,3864.0,0.0,0.0,False,11.074115129900001,16.4
2014-10-08,3780.0,0.0,0.0,False,11.0163369308,16.7
2014-10-09,3663.0,0.0,0.0,False,10.9587064485,14.15
2014-10-10,2957.0,0.0,0.0,True,10.9012339572,14.15
2014-10-11,1131.0,1.0,0.0,True,10.843929983699999,15.0
2014-10-12,1559.0,1.0,0.0,False,10.786805319900001,14.75
2014-10-13,3355.0,0.0,1.0,True,10.729871035499999,15.55
2014-10-14,3197.0,0.0,0.0,True,10.673138489500001,14.2
2014-10-15,2555.0,0.0,0.0,True,10.6166193422,13.9
2014-10-16,3629.0,0.0,0.0,False,10.5603255661,15.85
2014-10-17,2209.0,0.0,0.0,True,10.5042694565,14.2
2014-10-18,1378.0,1.0,0.0,True,10.4484636423,16.65
2014-10-19,2248.0,1.0,0.0,False,10.3929210949,17.5
2014-10-20,2858.0,0.0,0.0,True,10.337655138099999,14.15
2014-10-21,2964.0,0.0,0.0,True,10.2826794562,13.9
2014-10-22,2087.0,0.0,0.0,True,10.228008102,13.65
2014-10-23,2381.0,0.0,0.0,True,10.173655504,11.35
2014-10-24,2778.0,0.0,0.0,True,10.1196364728,11.65
2014-10-25,740.0,1.0,0.0,True,10.065966206699999,12.5
2014-10-26,916.0,1.0,0.0,True,10.0126602962,10.3
2014-10-27,3330.0,0.0,0.0,True,9.95973472828,11.15
2014-10-28,2261.0,0.0,0.0,True,9.90720588862,12.2
2014-10-29,3396.0,0.0,0.0,True,9.85509056377,14.2
2014-10-30,2392.0,0.0,0.0,True,9.80340594165,13.35
2014-10-31,1938.0,0.0,0.0,True,9.75216961097,10.55
2014-11-01,1294.0,1.0,0.0,False,9.70139955946,9.15
2014-11-02,1072.0,1.0,0.0,True,9.6511141708,10.25
2014-11-03,2503.0,0.0,0.0,True,9.60133222011,12.5
2014-11-04,2790.0,0.0,0.0,True,9.552072868080002,12.5
2014-11-05,2772.0,0.0,0.0,True,9.50335565348,12.8
2014-11-06,2248.0,0.0,0.0,True,9.45520048425,13.65
2014-11-07,3078.0,0.0,0.0,False,9.4076276268,10.8
2014-11-08,1854.0,1.0,0.0,False,9.36065769376,8.35
2014-11-09,752.0,1.0,0.0,True,9.31431162988,10.55
2014-11-10,3254.0,0.0,0.0,False,9.268610696160001,8.35
2014-11-11,2791.0,0.0,1.0,False,9.22357645217,4.45
2014-11-12,2742.0,0.0,0.0,False,9.17923073642,3.35
2014-11-13,2616.0,0.0,0.0,False,9.1355956448,3.9
2014-11-14,2177.0,0.0,0.0,False,9.09269350714,2.55
2014-11-15,1083.0,1.0,0.0,False,9.050546861639999,3.35
2014-11-16,1004.0,1.0,0.0,False,9.00917842747,3.65
2014-11-17,2698.0,0.0,0.0,False,8.968611075210001,4.25
2014-11-18,2833.0,0.0,0.0,False,8.92886779543,3.35
2014-11-19,2835.0,0.0,0.0,False,8.88997166515,6.65
2014-11-20,2725.0,0.0,0.0,True,8.8519458125,8.35
2014-11-21,1758.0,0.0,0.0,True,8.8148133793,9.7
2014-11-22,1054.0,1.0,0.0,True,8.77859748199,8.05
2014-11-23,787.0,1.0,0.0,True,8.743321170549999,9.2
2014-11-24,2418.0,0.0,0.0,True,8.70900738592,8.05
2014-11-25,1951.0,0.0,0.0,True,8.675678915710002,11.65
2014-11-26,2239.0,0.0,0.0,True,8.64335834847,13.6
2014-11-27,500.0,0.0,1.0,True,8.61206802658,13.05
2014-11-28,324.0,0.0,0.0,True,8.58182999802,8.05
2014-11-29,345.0,1.0,0.0,True,8.552665967000001,0.05
2014-11-30,493.0,1.0,0.0,False,8.524597243839999,-1.05
2014-12-01,1809.0,0.0,0.0,False,8.497644694169999,0.6
2014-12-02,2139.0,0.0,0.0,False,8.47182868761,1.2
2014-12-03,2294.0,0.0,0.0,False,8.44716904636,5.0
2014-12-04,2096.0,0.0,0.0,True,8.42368499374,6.1
2014-12-05,1928.0,0.0,0.0,True,8.40139510298,9.75
2014-12-06,902.0,1.0,0.0,True,8.380317246619999,9.75
2014-12-07,1194.0,1.0,0.0,False,8.360468546589999,10.25
2014-12-08,2389.0,0.0,0.0,True,8.34186532547,11.65
2014-12-09,2119.0,0.0,0.0,True,8.324523059019999,13.35
2014-12-10,1957.0,0.0,0.0,True,8.30845633033,14.45
2014-12-11,1621.0,0.0,0.0,True,8.293678785880001,11.35
2014-12-12,2301.0,0.0,0.0,False,8.28020309375,9.15
2014-12-13,1203.0,1.0,0.0,False,8.26804090424,6.95
2014-12-14,1232.0,1.0,0.0,False,8.257202813200001,7.25
2014-12-15,2283.0,0.0,0.0,False,8.24769832819,9.45
2014-12-16,2424.0,0.0,0.0,False,8.23953583789,9.15
2014-12-17,1979.0,0.0,0.0,True,8.23272258477,7.5
2014-12-18,1941.0,0.0,0.0,True,8.22726464134,8.05
2014-12-19,1870.0,0.0,0.0,True,8.22316689005,9.15
2014-12-20,404.0,1.0,0.0,True,8.22043300712,9.75
2014-12-21,844.0,1.0,0.0,False,8.2190654502,11.4
2014-12-22,2256.0,0.0,0.0,False,8.2190654502,8.35
2014-12-23,1400.0,0.0,0.0,True,8.22043300712,8.6
2014-12-24,813.0,0.0,0.0,True,8.22316689005,5.55
2014-12-25,451.0,0.0,1.0,False,8.22726464134,5.3
2014-12-26,999.0,0.0,0.0,False,8.23272258477,3.65
2014-12-27,543.0,1.0,0.0,True,8.23953583789,6.9
2014-12-28,644.0,1.0,0.0,True,8.24769832819,4.75
2014-12-29,1641.0,0.0,0.0,False,8.257202813200001,3.35
2014-12-30,1500.0,0.0,0.0,False,8.26804090424,0.6
2014-12-31,1331.0,0.0,0.0,False,8.28020309375,0.3
2015-01-01,711.0,0.0,1.0,False,8.293678785880001,1.2
2015-01-02,1214.0,0.0,0.0,True,8.30845633033,2.8
2015-01-03,817.0,1.0,0.0,False,8.324523059019999,3.35
2015-01-04,339.0,1.0,0.0,True,8.34186532547,6.95
2015-01-05,1823.0,0.0,0.0,True,8.360468546589999,10.8
2015-01-06,2725.0,0.0,0.0,False,8.380317246619999,9.15
2015-01-07,2825.0,0.0,0.0,False,8.40139510298,6.7
2015-01-08,2610.0,0.0,0.0,False,8.42368499374,4.75
2015-01-09,2490.0,0.0,0.0,True,8.44716904636,6.65
2015-01-10,771.0,1.0,0.0,True,8.47182868761,6.95
2015-01-11,810.0,1.0,0.0,True,8.497644694169999,8.3
2015-01-12,2670.0,0.0,0.0,False,8.524597243839999,7.75
2015-01-13,2766.0,0.0,0.0,False,8.552665967000001,6.1
2015-01-14,2623.0,0.0,0.0,False,8.58182999802,3.35
2015-01-15,1898.0,0.0,0.0,True,8.61206802658,4.45
2015-01-16,2142.0,0.0,0.0,False,8.64335834847,8.65
2015-01-17,592.0,1.0,0.0,True,8.675678915710002,8.3
2015-01-18,471.0,1.0,0.0,True,8.70900738592,10.55
2015-01-19,1982.0,0.0,1.0,True,8.743321170549999,8.05
2015-01-20,2927.0,0.0,0.0,False,8.77859748199,6.65
2015-01-21,2552.0,0.0,0.0,False,8.8148133793,3.35
2015-01-22,2183.0,0.0,0.0,True,8.8519458125,7.75
2015-01-23,1777.0,0.0,0.0,True,8.88997166515,10.25
2015-01-24,1163.0,1.0,0.0,True,8.92886779543,12.75
2015-01-25,2155.0,1.0,0.0,False,8.968611075210001,12.2
2015-01-26,3159.0,0.0,0.0,False,9.00917842747,11.1
2015-01-27,2563.0,0.0,0.0,True,9.050546861639999,9.7
2015-01-28,2963.0,0.0,0.0,False,9.09269350714,8.6
2015-01-29,3061.0,0.0,0.0,False,9.1355956448,7.75
2015-01-30,2612.0,0.0,0.0,False,9.17923073642,4.7
2015-01-31,1236.0,1.0,0.0,False,9.22357645217,5.25
2015-02-01,708.0,1.0,0.0,True,9.268610696160001,6.9
2015-02-02,1904.0,0.0,0.0,True,9.31431162988,8.05
2015-02-03,2334.0,0.0,0.0,True,9.36065769376,7.8
2015-02-04,2251.0,0.0,0.0,True,9.4076276268,7.5
2015-02-05,1694.0,0.0,0.0,True,9.45520048425,10.8
2015-02-06,1611.0,0.0,0.0,True,9.50335565348,12.2
2015-02-07,629.0,1.0,0.0,True,9.552072868080002,10.8
2015-02-08,1522.0,1.0,0.0,True,9.60133222011,11.65
2015-02-09,2104.0,0.0,0.0,True,9.6511141708,10.8
2015-02-10,2516.0,0.0,0.0,True,9.70139955946,10.55
2015-02-11,2808.0,0.0,0.0,False,9.75216961097,9.2
2015-02-12,2697.0,0.0,0.0,True,9.80340594165,13.05
2015-02-13,2459.0,0.0,0.0,False,9.85509056377,11.15
2015-02-14,1465.0,1.0,0.0,True,9.90720588862,10.55
2015-02-15,1836.0,1.0,0.0,False,9.95973472828,8.05
2015-02-16,2211.0,0.0,1.0,False,10.0126602962,10.3
2015-02-17,2919.0,0.0,0.0,False,10.065966206699999,10.25
2015-02-18,2927.0,0.0,0.0,False,10.1196364728,8.3
2015-02-19,2221.0,0.0,0.0,True,10.173655504,9.45
2015-02-20,2017.0,0.0,0.0,True,10.228008102,9.15
2015-02-21,1651.0,1.0,0.0,False,10.2826794562,8.9
2015-02-22,1820.0,1.0,0.0,False,10.337655138099999,7.5
2015-02-23,2881.0,0.0,0.0,False,10.3929210949,6.7
2015-02-24,3066.0,0.0,0.0,False,10.4484636423,6.65
2015-02-25,2396.0,0.0,0.0,True,10.5042694565,8.35
2015-02-26,2256.0,0.0,0.0,True,10.5603255661,9.75
2015-02-27,1738.0,0.0,0.0,True,10.6166193422,8.35
2015-02-28,2018.0,1.0,0.0,False,10.673138489500001,7.75
2015-03-01,1772.0,1.0,0.0,False,10.729871035499999,6.1
2015-03-02,2574.0,0.0,0.0,False,10.786805319900001,7.75
2015-03-03,2945.0,0.0,0.0,False,10.843929983699999,5.3
2015-03-04,2829.0,0.0,0.0,False,10.9012339572,6.15
2015-03-05,2749.0,0.0,0.0,False,10.9587064485,8.05
2015-03-06,2802.0,0.0,0.0,False,11.0163369308,9.15
2015-03-07,2281.0,1.0,0.0,False,11.074115129900001,10.3
2015-03-08,2106.0,1.0,0.0,False,11.1320310117,10.55
2015-03-09,2833.0,0.0,0.0,False,11.190074768399999,9.4
2015-03-10,2855.0,0.0,0.0,True,11.2482368058,9.15
2015-03-11,2050.0,0.0,0.0,True,11.306507729200002,11.65
2015-03-12,2914.0,0.0,0.0,False,11.3648783299,13.6
2015-03-13,2969.0,0.0,0.0,True,11.4233395711,12.5
2015-03-14,875.0,1.0,0.0,True,11.4818825741,11.65
2015-03-15,239.0,1.0,0.0,True,11.5404986035,8.35
2015-03-16,2624.0,0.0,0.0,True,11.5991790538,10.0
2015-03-17,2299.0,0.0,0.0,True,11.657915433800001,8.85
2015-03-18,2873.0,0.0,0.0,False,11.716699353,11.4
2015-03-19,2710.0,0.0,0.0,False,11.7755225068,11.95
2015-03-20,2014.0,0.0,0.0,True,11.834376661199999,11.4
2015-03-21,1379.0,1.0,0.0,True,11.893253639100001,10.8
2015-03-22,1057.0,1.0,0.0,True,11.9521453048,8.9
2015-03-23,2029.0,0.0,0.0,True,12.0110435493,8.35
2015-03-24,2250.0,0.0,0.0,True,12.069940275899999,9.45
2015-03-25,2040.0,0.0,0.0,True,12.1288273851,10.8
2015-03-26,3496.0,0.0,0.0,False,12.1876967595,15.3
2015-03-27,3015.0,0.0,0.0,True,12.2465402496,13.6
2015-03-28,1796.0,1.0,0.0,False,12.3053496588,12.5
2015-03-29,1408.0,1.0,0.0,False,12.364116728399999,12.25
2015-03-30,3339.0,0.0,0.0,True,12.4228331231,14.2
2015-03-31,2022.0,0.0,0.0,True,12.481490416400002,9.45
2015-04-01,2427.0,0.0,0.0,True,12.540080075999999,9.2
2015-04-02,2828.0,0.0,0.0,False,12.598593449400001,9.45
2015-04-03,2611.0,0.0,0.0,True,12.6570217491,8.05
2015-04-04,1987.0,1.0,0.0,False,12.7153560387,8.35
2015-04-05,1729.0,1.0,0.0,False,12.7735872187,9.75
2015-04-06,2955.0,0.0,0.0,True,12.8317060122,10.3
2015-04-07,3048.0,0.0,0.0,True,12.8897029513,10.55
2015-04-08,3351.0,0.0,0.0,False,12.947568363299998,11.65
2015-04-09,3670.0,0.0,0.0,False,13.0052923571,11.65
2015-04-10,2219.0,0.0,0.0,True,13.06286481,10.85
2015-04-11,1264.0,1.0,0.0,False,13.1202753547,8.65
2015-04-12,1701.0,1.0,0.0,False,13.177513366500001,9.45
2015-04-13,2158.0,0.0,0.0,True,13.234567950499999,7.8
2015-04-14,2424.0,0.0,0.0,True,13.2914279301,7.25
2015-04-15,3697.0,0.0,0.0,False,13.3480818345,8.6
2015-04-16,4002.0,0.0,0.0,False,13.404517887799999,10.85
2015-04-17,3454.0,0.0,0.0,False,13.4607239975,12.5
2015-04-18,2401.0,1.0,0.0,False,13.5166877444,13.6
2015-04-19,2775.0,1.0,0.0,False,13.5723963724,14.7
2015-04-20,4556.0,0.0,0.0,False,13.6278367789,15.3
2015-04-21,3243.0,0.0,0.0,True,13.6829955059,11.95
2015-04-22,3351.0,0.0,0.0,False,13.737858731700001,10.3
2015-04-23,2458.0,0.0,0.0,True,13.7924122636,9.45
2015-04-24,2276.0,0.0,0.0,True,13.8466415303,9.15
2015-04-25,1616.0,1.0,0.0,True,13.9005315766,9.45
2015-04-26,1566.0,1.0,0.0,False,13.9540670576,10.0
2015-04-27,4140.0,0.0,0.0,True,14.0072322345,17.8
2015-04-28,2745.0,0.0,0.0,True,14.060010971099999,12.25
2015-04-29,3437.0,0.0,0.0,False,14.1123867314,11.65
2015-04-30,3608.0,0.0,0.0,False,14.1643425785,12.5
2015-05-01,4224.0,0.0,0.0,False,14.215861174,13.6
2015-05-02,2215.0,1.0,0.0,False,14.2669247792,13.05
2015-05-03,2235.0,1.0,0.0,False,14.3175152577,14.2
2015-05-04,4520.0,0.0,0.0,False,14.367614078099999,12.2
2015-05-05,2605.0,0.0,0.0,True,14.4172023202,10.8
2015-05-06,4231.0,0.0,0.0,False,14.4662606804,11.95
2015-05-07,4916.0,0.0,0.0,False,14.5147694805,13.35
2015-05-08,4452.0,0.0,0.0,False,14.562708676700002,16.1
2015-05-09,2753.0,1.0,0.0,False,14.610057871199999,18.05
2015-05-10,1958.0,1.0,0.0,False,14.6567963251,15.25
2015-05-11,3676.0,0.0,0.0,False,14.702902973099999,11.95
2015-05-12,3653.0,0.0,0.0,True,14.7483564401,13.1
2015-05-13,2707.0,0.0,0.0,True,14.7931350596,11.1
2015-05-14,3811.0,0.0,0.0,True,14.837216893699999,13.6
2015-05-15,5053.0,0.0,0.0,False,14.8805797561,14.7
2015-05-16,1655.0,1.0,0.0,False,14.923201235799999,13.35
2015-05-17,2011.0,1.0,0.0,False,14.965058723199999,15.0
2015-05-18,4845.0,0.0,0.0,False,15.006129439,18.9
2015-05-19,4872.0,0.0,0.0,False,15.046390463699998,16.7
2015-05-20,4580.0,0.0,0.0,False,15.0858187703,16.95
2015-05-21,4768.0,0.0,0.0,False,15.1243912583,18.65
2015-05-22,3668.0,0.0,0.0,False,15.1620847901,14.2
2015-05-23,1580.0,1.0,0.0,False,15.1988762287,13.9
2015-05-24,1776.0,1.0,0.0,False,15.2347424775,14.45
2015-05-25,1737.0,0.0,1.0,False,15.2696605226,13.35
2015-05-26,4254.0,0.0,0.0,False,15.303607475,16.7
2015-05-27,4771.0,0.0,0.0,False,15.336560616500002,18.05
2015-05-28,5142.0,0.0,0.0,False,15.3684974453,20.0
2015-05-29,4548.0,0.0,0.0,False,15.3993957235,19.45
2015-05-30,2308.0,1.0,0.0,False,15.429233526400001,16.4
2015-05-31,2251.0,1.0,0.0,False,15.4579892915,18.35
2015-06-01,2989.0,0.0,0.0,True,15.4856418693,13.9
2015-06-02,3078.0,0.0,0.0,True,15.5121705741,15.3
2015-06-03,3658.0,0.0,0.0,False,15.5375552355,15.85
2015-06-04,4637.0,0.0,0.0,False,15.56177625,17.25
2015-06-05,4333.0,0.0,0.0,False,15.5848146319,19.75
2015-06-06,2475.0,1.0,0.0,False,15.606652065,21.35
2015-06-07,2487.0,1.0,0.0,False,15.6272709523,23.35
2015-06-08,4475.0,0.0,0.0,False,15.6466544661,22.5
2015-06-09,4935.0,0.0,0.0,False,15.664786595799999,21.65
2015-06-10,4977.0,0.0,0.0,False,15.6816521952,18.35
2015-06-11,4719.0,0.0,0.0,False,15.6972370273,17.75
2015-06-12,3769.0,0.0,0.0,False,15.7115278078,15.85
2015-06-13,2688.0,1.0,0.0,False,15.7245122459,16.65
2015-06-14,2556.0,1.0,0.0,False,15.7361790824,19.75
2015-06-15,4581.0,0.0,0.0,False,15.7465181259,23.05
2015-06-16,4551.0,0.0,0.0,False,15.755520285,16.95
2015-06-17,4711.0,0.0,0.0,False,15.7631775977,18.05
2015-06-18,4284.0,0.0,0.0,False,15.7694832578,19.15
2015-06-19,3417.0,0.0,0.0,True,15.774431636800001,18.6
2015-06-20,2323.0,1.0,0.0,False,15.7780183031,18.9
2015-06-21,2170.0,1.0,0.0,False,15.780240035999999,19.75
2015-06-22,4456.0,0.0,0.0,False,15.7810948373,18.9
2015-06-23,4998.0,0.0,0.0,False,15.780581937300001,18.9
2015-06-24,4725.0,0.0,0.0,False,15.7787017978,20.85
2015-06-25,4709.0,0.0,0.0,False,15.775456110599999,23.1
2015-06-26,3869.0,0.0,0.0,False,15.770847791300001,24.75
2015-06-27,2210.0,1.0,0.0,False,15.7648809703,25.25
2015-06-28,2101.0,1.0,0.0,True,15.757560978299999,23.3
2015-06-29,4181.0,0.0,0.0,False,15.7488943291,23.05
2015-06-30,4655.0,0.0,0.0,False,15.7388886981,22.8
2015-07-01,4651.0,0.0,0.0,False,15.7275528968,24.7
2015-07-02,3937.0,0.0,0.0,False,15.7148968447,25.85
2015-07-03,2313.0,0.0,1.0,False,15.7009315372,25.55
2015-07-04,2443.0,1.0,0.0,False,15.6856690107,24.15
2015-07-05,1919.0,1.0,0.0,False,15.6691223049,24.75
2015-07-06,4066.0,0.0,0.0,False,15.6513054225,22.5
2015-07-07,4635.0,0.0,0.0,False,15.6322332868,20.55
2015-07-08,4761.0,0.0,0.0,False,15.611921696300001,22.2
2015-07-09,4479.0,0.0,0.0,False,15.590387279200002,21.65
2015-07-10,3772.0,0.0,0.0,False,15.5676474446,18.9
2015-07-11,2053.0,1.0,0.0,False,15.5437203336,19.45
2015-07-12,2037.0,1.0,0.0,False,15.5186247694,21.4
2015-07-13,4069.0,0.0,0.0,False,15.4923802057,20.85
2015-07-14,4795.0,0.0,0.0,False,15.4650066761,21.95
2015-07-15,4686.0,0.0,0.0,False,15.4365247423,20.25
2015-07-16,4424.0,0.0,0.0,False,15.4069554427,20.55
2015-07-17,3813.0,0.0,0.0,False,15.376320241099998,20.85
2015-07-18,2195.0,1.0,0.0,False,15.344640976600001,25.55
2015-07-19,1963.0,1.0,0.0,False,15.311939813199999,26.1
2015-07-20,4213.0,0.0,0.0,False,15.2782391913,21.7
2015-07-21,4268.0,0.0,0.0,False,15.2435617795,19.45
2015-07-22,4648.0,0.0,0.0,False,15.2079304281,18.9
2015-07-23,4359.0,0.0,0.0,False,15.1713681242,20.25
2015-07-24,3628.0,0.0,0.0,True,15.1338979475,18.05
2015-07-25,1384.0,1.0,0.0,False,15.095543028699998,17.75
2015-07-26,1452.0,1.0,0.0,True,15.056326509000002,18.05
2015-07-27,4102.0,0.0,0.0,False,15.0162715016,17.75
2015-07-28,4715.0,0.0,0.0,False,14.975401055199999,20.85
2015-07-29,4734.0,0.0,0.0,False,14.933738119100001,23.3
2015-07-30,4379.0,0.0,0.0,False,14.891305510699999,25.8
2015-07-31,3887.0,0.0,0.0,False,14.8481258847,26.1
2015-08-01,2219.0,1.0,0.0,False,14.804221704300002,24.45
2015-08-02,1883.0,1.0,0.0,False,14.7596152144,23.35
2015-08-03,4243.0,0.0,0.0,False,14.7143284171,22.75
2015-08-04,4655.0,0.0,0.0,False,14.668383048699999,20.25
2015-08-05,4108.0,0.0,0.0,False,14.621800559,17.75
2015-08-06,4295.0,0.0,0.0,False,14.574602092300001,20.0
2015-08-07,4100.0,0.0,0.0,False,14.526808470699999,21.95
2015-08-08,2014.0,1.0,0.0,False,14.4784401785,20.3
2015-08-09,2945.0,1.0,0.0,False,14.429517349000001,21.65
2015-08-10,3898.0,0.0,0.0,False,14.3800597529,22.5
2015-08-11,4530.0,0.0,0.0,False,14.3300867882,23.35
2015-08-12,4403.0,0.0,0.0,True,14.2796174717,22.5
2015-08-13,4428.0,0.0,0.0,False,14.2286704323,21.95
2015-08-14,2062.0,0.0,0.0,True,14.177263905799999,16.65
2015-08-15,1702.0,1.0,0.0,False,14.1254157305,17.8
2015-08-16,2333.0,1.0,0.0,False,14.0731433449,19.7
2015-08-17,4319.0,0.0,0.0,False,14.0204637865,20.55
2015-08-18,4508.0,0.0,0.0,False,13.967393691400002,22.5
2015-08-19,4548.0,0.0,0.0,False,13.9139492954,23.9
2015-08-20,3846.0,0.0,0.0,True,13.860146436500001,18.6
2015-08-21,3606.0,0.0,0.0,False,13.8060005577,18.3
2015-08-22,2090.0,1.0,0.0,False,13.751526711199999,19.45
2015-08-23,2016.0,1.0,0.0,False,13.6967395636,20.85
2015-08-24,4072.0,0.0,0.0,False,13.641653401700001,18.05
2015-08-25,4473.0,0.0,0.0,False,13.5862821394,18.9
2015-08-26,4331.0,0.0,0.0,False,13.530639324700001,21.1
2015-08-27,4336.0,0.0,0.0,False,13.4747381482,21.9
2015-08-28,2653.0,0.0,0.0,True,13.418591451900001,19.45
2015-08-29,699.0,1.0,0.0,True,13.3622117383,17.75
2015-08-30,1213.0,1.0,0.0,True,13.3056111804,16.4
2015-08-31,2823.0,0.0,0.0,False,13.2488016325,17.5
2015-09-01,2876.0,0.0,0.0,True,13.1917946405,16.65
